{
  "state": {
    "isStdOutTTY": false,
    "isStdErrTTY": false,
    "testRunDurationMs": 30320.842
  },
  "metrics": {
    "pets_created": {
      "type": "counter",
      "contains": "default",
      "values": {
        "count": 11,
        "rate": 0.3627867590220615
      }
    },
    "iteration_duration": {
      "type": "trend",
      "contains": "time",
      "values": {
        "avg": 2756.4848750909096,
        "min": 2640.215917,
        "med": 2641.540959,
        "max": 3750.021042,
        "p(90)": 2754.358625,
        "p(95)": 3252.1898334999996
      }
    },
    "http_req_connecting": {
      "type": "trend",
      "contains": "time",
      "values": {
        "avg": 14.437818181818182,
        "min": 0,
        "med": 0,
        "max": 317.632,
        "p(90)": 0,
        "p(95)": 0
      }
    },
    "http_req_sending": {
      "type": "trend",
      "contains": "time",
      "values": {
        "min": 0.086,
        "med": 0.1165,
        "max": 1.814,
        "p(90)": 0.9504000000000004,
        "p(95)": 1.1283999999999998,
        "avg": 0.2766363636363637
      }
    },
    "data_received": {
      "type": "counter",
      "contains": "data",
      "values": {
        "count": 13808,
        "rate": 455.3963244160568
      }
    },
    "http_req_receiving": {
      "type": "trend",
      "contains": "time",
      "values": {
        "med": 0.036,
        "max": 0.478,
        "p(90)": 0.0468,
        "p(95)": 0.056499999999999995,
        "avg": 0.05777272727272727,
        "min": 0.029
      }
    },
    "http_req_duration": {
      "thresholds": {
        "p(95)<2000": {
          "ok": true
        }
      },
      "type": "trend",
      "contains": "time",
      "values": {
        "avg": 326.7791818181818,
        "min": 318.309,
        "med": 319.4755,
        "max": 432.239,
        "p(90)": 337.5635,
        "p(95)": 340.59610000000004
      }
    },
    "get_pet_duration": {
      "type": "trend",
      "contains": "default",
      "values": {
        "min": 318,
        "med": 319,
        "max": 341,
        "p(90)": 339,
        "p(95)": 340,
        "avg": 323.45454545454544
      },
      "thresholds": {
        "p(95)<1000": {
          "ok": true
        }
      }
    },
    "data_sent": {
      "type": "counter",
      "contains": "data",
      "values": {
        "count": 5198,
        "rate": 171.43323394515232
      }
    },
    "http_req_tls_handshaking": {
      "contains": "time",
      "values": {
        "med": 0,
        "max": 784.182,
        "p(90)": 0,
        "p(95)": 0,
        "avg": 35.644636363636366,
        "min": 0
      },
      "type": "trend"
    },
    "http_req_duration{expected_response:true}": {
      "type": "trend",
      "contains": "time",
      "values": {
        "p(90)": 337.5635,
        "p(95)": 340.59610000000004,
        "avg": 326.7791818181818,
        "min": 318.309,
        "med": 319.4755,
        "max": 432.239
      }
    },
    "group_duration": {
      "type": "trend",
      "contains": "time",
      "values": {
        "p(95)": 427.85114759999993,
        "avg": 377.31976704545446,
        "min": 318.479125,
        "med": 319.7814585,
        "max": 1428.813417,
        "p(90)": 340.6882334
      }
    },
    "http_req_blocked": {
      "values": {
        "min": 0,
        "med": 0,
        "max": 1106.573,
        "p(90)": 0.001,
        "p(95)": 0.001,
        "avg": 50.29904545454545
      },
      "type": "trend",
      "contains": "time"
    },
    "checks": {
      "type": "rate",
      "contains": "default",
      "values": {
        "passes": 55,
        "fails": 0,
        "rate": 1
      }
    },
    "vus": {
      "type": "gauge",
      "contains": "default",
      "values": {
        "value": 1,
        "min": 1,
        "max": 1
      }
    },
    "vus_max": {
      "values": {
        "value": 1,
        "min": 1,
        "max": 1
      },
      "type": "gauge",
      "contains": "default"
    },
    "http_reqs": {
      "type": "counter",
      "contains": "default",
      "values": {
        "count": 22,
        "rate": 0.725573518044123
      }
    },
    "pets_retrieved": {
      "type": "counter",
      "contains": "default",
      "values": {
        "count": 11,
        "rate": 0.3627867590220615
      }
    },
    "iterations": {
      "values": {
        "count": 11,
        "rate": 0.3627867590220615
      },
      "type": "counter",
      "contains": "default"
    },
    "errors": {
      "contains": "default",
      "values": {
        "rate": 0,
        "passes": 0,
        "fails": 0
      },
      "thresholds": {
        "rate<0.05": {
          "ok": true
        }
      },
      "type": "rate"
    },
    "http_req_failed": {
      "values": {
        "rate": 0,
        "passes": 0,
        "fails": 22
      },
      "thresholds": {
        "rate<0.05": {
          "ok": true
        }
      },
      "type": "rate",
      "contains": "default"
    },
    "create_pet_duration": {
      "type": "trend",
      "contains": "default",
      "values": {
        "med": 320,
        "max": 1428,
        "p(90)": 433,
        "p(95)": 930.4999999999995,
        "avg": 430.8181818181818,
        "min": 319
      },
      "thresholds": {
        "p(95)<1500": {
          "ok": true
        }
      }
    },
    "http_req_waiting": {
      "type": "trend",
      "contains": "time",
      "values": {
        "max": 432.083,
        "p(90)": 337.42490000000004,
        "p(95)": 339.4683,
        "avg": 326.4447727272727,
        "min": 317.721,
        "med": 319.334
      }
    }
  },
  "root_group": {
    "name": "",
    "path": "",
    "id": "d41d8cd98f00b204e9800998ecf8427e",
    "groups": [
      {
        "id": "48e78e4b585a4a4922919c14a5d4b2ad",
        "groups": [],
        "checks": [
            {
              "path": "::POST /pet - Create Pet::POST /pet status is 200",
              "id": "4af394874fb39f5dc20a1ea053124d34",
              "passes": 11,
              "fails": 0,
              "name": "POST /pet status is 200"
            },
            {
              "name": "POST /pet response has id",
              "path": "::POST /pet - Create Pet::POST /pet response has id",
              "id": "5aa8924b8c7829382e0ee1ddc9d706e9",
              "passes": 11,
              "fails": 0
            },
            {
              "name": "POST /pet response has correct name",
              "path": "::POST /pet - Create Pet::POST /pet response has correct name",
              "id": "c2d099b1e5c51b6f4a3af55fd6255d15",
              "passes": 11,
              "fails": 0
            }
          ],
        "name": "POST /pet - Create Pet",
        "path": "::POST /pet - Create Pet"
      },
      {
        "id": "f7212340b9c43aa8396e5f46755bf819",
        "groups": [],
        "checks": [
            {
              "name": "GET /pet/{id} status is 200",
              "path": "::GET /pet/{id} - Retrieve Pet::GET /pet/{id} status is 200",
              "id": "6861b72ed6d1b73e5766210c460aadf6",
              "passes": 11,
              "fails": 0
            },
            {
              "name": "GET /pet/{id} returns correct pet",
              "path": "::GET /pet/{id} - Retrieve Pet::GET /pet/{id} returns correct pet",
              "id": "12481406effef495d0d876424aec2882",
              "passes": 11,
              "fails": 0
            }
          ],
        "name": "GET /pet/{id} - Retrieve Pet",
        "path": "::GET /pet/{id} - Retrieve Pet"
      }
    ],
    "checks": []
  },
  "options": {
    "noColor": false,
    "summaryTrendStats": [
      "avg",
      "min",
      "med",
      "max",
      "p(90)",
      "p(95)"
    ],
    "summaryTimeUnit": ""
  }
}